{
  "balance": 9985000,
  "holding_qty": 0.00015770369218365456,
  "holding_avg_price": 95067526.9069821,
  "total_buy_amount": 15000.0,
  "is_first_candle": false,
  "total_realized_profit": 0
}